Quận / huyện,Tên,Địa chỉ,Note,Review,MXH,lat,lon
Ba Đình,PicMe Photobooth Studio,"https://www.google.com/maps/place/PicMe+Photobooth+Studio/@21.0350825,105.8226708,17z/data=!4m16!1m9!3m8!1s0x3135ab005c3a2779:0xc165b01f21ed3e9!2sPicMe+Photobooth+Studio!8m2!3d21.0350825!4d105.8226708!9m1!1b1!16s%2Fg%2F11ynw1fg9f!3m5!1s0x3135ab005c3a2779:0xc165b01f21ed3e9!8m2!3d21.0350825!4d105.8226708!16s%2Fg%2F11ynw1fg9f!17m2!4m1!1e3!18m1!1e1?entry=ttu&g_ep=EgoyMDI2MDIwNC4wIKXMDSoKLDEwMDc5MjA2OUgBUAM%3D",,,,21.0350825,105.8226708
Ba Đình,Filmnoir Photobooth,"https://www.google.com/maps/place/Mothaiba+Neutral+-+Ba+%C4%90%C3%ACnh/@21.0466782,105.8413932,17z/data=!3m1!4b1!4m6!3m5!1s0x3135ab007d31d36f:0x3ed2eb2b934955c8!8m2!3d21.0466782!4d105.8413932!16s%2Fg%2F11x63r3xsp?entry=ttu&g_ep=EgoyMDI2MDIwMy4wIKXMDSoASAFQAw%3D%3D",,,,21.0466782,105.8413932
Ba Đình,VibeLens _ photo,"https://www.google.com/maps/place/Fotograma+Hanoi/@21.0457,105.8413999,17z/data=!3m1!4b1!4m6!3m5!1s0x3135ab0009da79a9:0xae4d7abbff51e61a!8m2!3d21.0457!4d105.8413999!16s%2Fg%2F11xtc6v9tn?entry=ttu&g_ep=EgoyMDI2MDIwMy4wIKXMDSoASAFQAw%3D%3D",,,,21.0457,105.8413999
Ba Đình,Fotograma Hanoi,"https://www.google.com/maps/place/Kasier+Photobooth/@21.0416608,105.8423147,17z/data=!3m1!4b1!4m6!3m5!1s0x3135ab0039654eed:0x88b6ae536188a098!8m2!3d21.0416608!4d105.8423147!16s%2Fg%2F11x2vynp3w?entry=ttu&g_ep=EgoyMDI2MDIwMy4wIKXMDSoASAFQAw%3D%3D",,,,21.0416608,105.8423147
Ba Đình,PicMe Photobooth Studio,"https://www.google.com/maps/place/Haru+Film+Phan+%C4%90%C3%ACnh+Ph%C3%B9ng/@21.0400883,105.843685,17z/data=!3m1!4b1!4m6!3m5!1s0x3135aba7793e404f:0x42273ec8673f9d5a!8m2!3d21.0400883!4d105.843685!16s%2Fg%2F11vk_qfl0w?entry=ttu&g_ep=EgoyMDI2MDIwMy4wIKXMDSoASAFQAw%3D%3D",,,,21.0400883,105.843685
Ba Đình,PHOTOOBJET (Self Photo Studio),"https://www.google.com/maps/place/Photo+Story/@21.0399719,105.8449927,17z/data=!3m1!4b1!4m6!3m5!1s0x3135ab0061231b1b:0xe55d7ef046e27619!8m2!3d21.0399719!4d105.8449927!16s%2Fg%2F11x748h826?entry=ttu&g_ep=EgoyMDI2MDIwMy4wIKXMDSoASAFQAw%3D%3D",,,,21.0399719,105.8449927
Ba Đình,Mothaiba Neutral - Ba Đình,"https://www.google.com/maps/place/PicMe+Photobooth+Studio/@21.0350501,105.8225385,17z/data=!3m1!4b1!4m6!3m5!1s0x3135ad63efdca1eb:0x535dd5433cc77910!8m2!3d21.0350501!4d105.8225385!16s%2Fg%2F11x0brg61s?entry=ttu&g_ep=EgoyMDI2MDIwMy4wIKXMDSoASAFQAw%3D%3D",,,,21.0350501,105.8225385
Ba Đình,Fun Studio Núi Trúc,"https://www.google.com/maps/place/PHOTOOBJET+(Self+Photo+Studio)/@21.0319873,105.8125085,17z/data=!3m1!4b1!4m6!3m5!1s0x3135ab000811283b:0xb6ca3eb568afb93a!8m2!3d21.0319873!4d105.8125085!16s%2Fg%2F11vwxk7tfn?entry=ttu&g_ep=EgoyMDI2MDIwMy4wIKXMDSoASAFQAw%3D%3D",,,,21.0319873,105.8125085
Ba Đình,Haru Film Phan Đình Phùng,"https://www.google.com/maps/place/PHOTO+TIME+-+VINCOM+METROPOLIS/@21.0312395,105.8148143,17z/data=!3m1!4b1!4m6!3m5!1s0x3135abcf405d56b9:0xd480bda90d7a2b21!8m2!3d21.0312395!4d105.8148143!16s%2Fg%2F11y53nx1vr?entry=ttu&g_ep=EgoyMDI2MDIwMy4wIKXMDSoASAFQAw%3D%3D",,,,21.0312395,105.8148143
Ba Đình,Life4cuts photobooth - 인생네컷,"https://www.google.com/maps/place/Fun+Studio+N%C3%BAi+Tr%C3%BAc/@21.030179,105.8227252,17z/data=!3m1!4b1!4m6!3m5!1s0x3135abf1940d8f0b:0x655471423401fe0d!8m2!3d21.030179!4d105.8227252!16s%2Fg%2F11w290tpzz?entry=ttu&g_ep=EgoyMDI2MDIwMy4wIKXMDSoASAFQAw%3D%3D",,,,21.030179,105.8227252
Ba Đình,PHOTO TIME - VINCOM METROPOLIS,"https://www.google.com/maps/place/Filmnoir+Photobooth/@21.0286152,105.8420828,17z/data=!4m14!1m7!3m6!1s0x3135ab005273784d:0x1ef0540d4e414899!2sFilmnoir+Photobooth!8m2!3d21.0286152!4d105.8420828!16s%2Fg%2F11yy2_m3x7!3m5!1s0x3135ab005273784d:0x1ef0540d4e414899!8m2!3d21.0286152!4d105.8420828!16s%2Fg%2F11yy2_m3x7?entry=ttu&g_ep=EgoyMDI2MDIwMy4wIKXMDSoASAFQAw%3D%3D",,,,21.0286152,105.8420828
Ba Đình,Photo Story,"https://www.google.com/maps/place/VibeLens+_+photo/@21.0272377,105.812393,17z/data=!3m1!4b1!4m6!3m5!1s0x3135ab004488b3f5:0x2a02dad8c01570c1!8m2!3d21.0272377!4d105.812393!16s%2Fg%2F11m70j550v?entry=ttu&g_ep=EgoyMDI2MDIwMy4wIKXMDSoASAFQAw%3D%3D",,,,21.0272377,105.812393
Ba Đình,Kasier Photobooth,"https://www.google.com/maps/place/Life4cuts+photobooth+-+%EC%9D%B8%EC%83%9D%EB%84%A4%EC%BB%B7/@21.0227665,105.800543,14z/data=!4m10!1m2!2m1!1slife4cuts+!3m6!1s0x3135abaef5ea2c61:0x9587977e4bc13053!8m2!3d21.0318905!4d105.8120137!15sCglsaWZlNGN1dHNaCyIJbGlmZTRjdXRzkgELcGhvdG9fYm9vdGjgAQA!16s%2Fg%2F11vdtv2hvv?entry=ttu&g_ep=EgoyMDI2MDIwMy4wIKXMDSoASAFQAw%3D%3D",,,,21.0227665,105.800543
Bắc Từ Liêm,Photo Memory Photobooth,"https://www.google.com/maps/place/Photo+Easel+-+Photobooth+B%E1%BA%AFc+T%E1%BB%AB+Li%C3%AAm/@21.0743738,105.7638226,15z/data=!4m10!1m2!2m1!1sphoto+easel!3m6!1s0x313455001804a3f9:0x5fb1a7c63b069f59!8m2!3d21.0743738!4d105.7725773!15sCgtwaG90byBlYXNlbFoNIgtwaG90byBlYXNlbJIBC3Bob3RvX2Jvb3RomgEkQ2hkRFNVaE5NRzluUzBWSlEwRm5TVVF6ZHpSRFlXdEJSUkFC4AEA-gEECEAQMA!16s%2Fg%2F11wqh_9h8j?entry=ttu&g_ep=EgoyMDI2MDIwMy4wIKXMDSoASAFQAw%3D%3D",,,,21.0743738,105.7638226
Bắc Từ Liêm,FLASH BOX Photobooth Vincom Bắc Từ Liêm,"https://www.google.com/maps/place/FLASH+BOX+Photobooth+Vincom+B%E1%BA%AFc+T%E1%BB%AB+Li%C3%AAm/@21.0526936,105.7807082,17z/data=!3m1!4b1!4m6!3m5!1s0x3134550003c59379:0xd1347976ea7f7026!8m2!3d21.0526936!4d105.7807082!16s%2Fg%2F11yl0c6y10?entry=ttu&g_ep=EgoyMDI2MDIwMy4wIKXMDSoASAFQAw%3D%3D",,,,21.0526936,105.7807082
Bắc Từ Liêm,Paris Booth,"https://www.google.com/maps/place/Photo+Memory+Photobooth/@21.0515789,105.7804293,17z/data=!3m1!4b1!4m6!3m5!1s0x3134550044ae0be3:0x1da2670fbd70a54!8m2!3d21.0515789!4d105.7804293!16s%2Fg%2F11mm8_h4pf?entry=ttu&g_ep=EgoyMDI2MDIwMy4wIKXMDSoASAFQAw%3D%3D",,,,21.0515789,105.7804293
Bắc Từ Liêm,Photo Easel - Photobooth Bắc Từ Liêm,"https://www.google.com/maps/place/Paris+Booth/@21.0365839,105.7771434,17z/data=!3m1!4b1!4m6!3m5!1s0x31345560a5d9b7cb:0x30e59fb675dcca7a!8m2!3d21.0365839!4d105.7771434!16s%2Fg%2F11xmvnlrfj?entry=ttu&g_ep=EgoyMDI2MDIwMy4wIKXMDSoASAFQAw%3D%3D",,,,21.0365839,105.7771434
Cầu Giấy,ART Photobooth,"https://www.google.com/maps/place/Photo+Palette+-+Phan+V%C4%83n+Tr%C6%B0%E1%BB%9Dng/@21.0411472,105.7835287,17z/data=!3m1!4b1!4m6!3m5!1s0x3135ab005374d285:0xa9c2bfc753c1f959!8m2!3d21.0411422!4d105.7861036!16s%2Fg%2F11ycw8wmcj?entry=ttu&g_ep=EgoyMDI2MDIwNC4wIKXMDSoKLDEwMDc5MjA2OUgBUAM%3D",,,,21.0411472,105.7835287
Cầu Giấy,Filmong,"https://www.google.com/maps/place/Razzle+Dazzle+premium+self+photo+studio/@21.0363121,105.7876782,17z/data=!3m1!4b1!4m6!3m5!1s0x3135aba8aa30a3e7:0xa122ef05f48a304!8m2!3d21.0363121!4d105.7876782!16s%2Fg%2F11v11bvcpg?entry=ttu&g_ep=EgoyMDI2MDIwNC4wIKXMDSoKLDEwMDc5MjA2OUgBUAM%3D",,,,21.0363121,105.7876782
Cầu Giấy,PHOTO OBJET(D‘Capitale),"https://www.google.com/maps/place/Photoism/@21.046605,105.7943785,17z/data=!4m10!1m2!2m1!1sphotoism!3m6!1s0x3135ab00488b7395:0xd8980ca564f32199!8m2!3d21.046605!4d105.7965672!15sCghwaG90b2lzbVoKIghwaG90b2lzbZIBEnBob3RvZ3JhcGh5X3N0dWRpb5oBRENpOURRVWxSUVVOdlpFTm9kSGxqUmpsdlQyeEdjVkpWTlU5a1J6bG1WRlJvYW1SRVNqWlRNMlJHVFd4S1EyVnVZeEFC4AEA-gEECAAQGw!16s%2Fg%2F11wtkqb9bf?entry=ttu&g_ep=EgoyMDI2MDIwMy4wIKXMDSoASAFQAw%3D%3D",,,,21.046605,105.7943785
Cầu Giấy,SAY CHEESE CẦU GIẤY,"https://www.google.com/maps/place/Photosona+191+Tr%E1%BA%A7n+Qu%E1%BB%91c+Ho%C3%A0n/@21.0415897,105.7842743,17z/data=!3m1!4b1!4m6!3m5!1s0x3135ab6009e20b1d:0x548aa9e5d5183cc2!8m2!3d21.0415897!4d105.7842743!16s%2Fg%2F11xccw8r95?entry=ttu&g_ep=EgoyMDI2MDIwMy4wIKXMDSoASAFQAw%3D%3D",,,,21.0415897,105.7842743
Cầu Giấy,Kclick Photobooth GO! Thăng Long,"https://www.google.com/maps/place/Photobooth+Grimfilm/@21.0409624,105.7757195,17z/data=!3m1!4b1!4m6!3m5!1s0x3134550011e17983:0x59200cca344fe3e6!8m2!3d21.0409624!4d105.7757195!16s%2Fg%2F11x16_4kjb?entry=ttu&g_ep=EgoyMDI2MDIwMy4wIKXMDSoASAFQAw%3D%3D",,,,21.0409624,105.7757195
Cầu Giấy,Razzle Dazzle premium self photo studio,"https://www.google.com/maps/place/Oldmoon+Self+Studio/@21.0373358,105.7899052,17z/data=!3m1!4b1!4m6!3m5!1s0x3135ab004917008f:0xab7006c31c981f2f!8m2!3d21.0373358!4d105.7899052!16s%2Fg%2F11m6d5zljg?entry=ttu&g_ep=EgoyMDI2MDIwMy4wIKXMDSoASAFQAw%3D%3D",,,,21.0373358,105.7899052
Cầu Giấy,Photoism,"https://www.google.com/maps/place/Fun+Studio+%C4%90%E1%BA%A1i+h%E1%BB%8Dc+S%C6%B0+Ph%E1%BA%A1m/@21.0368048,105.7838759,17z/data=!3m1!4b1!4m6!3m5!1s0x3135ab581d125661:0x6d7ccad4a34e57f9!8m2!3d21.0368048!4d105.7838759!16s%2Fg%2F11ks59mc6n?entry=ttu&g_ep=EgoyMDI2MDIwMy4wIKXMDSoASAFQAw%3D%3D",,,,21.0368048,105.7838759
Cầu Giấy,Photo Palette - Phan Văn Trường,"https://www.google.com/maps/place/ART+Photobooth/@21.0361174,105.7902619,17z/data=!3m1!4b1!4m6!3m5!1s0x3135abc91d406e61:0xfb3dd3e4f210c9f6!8m2!3d21.0361174!4d105.7902619!16s%2Fg%2F11mm8s8rv5?entry=ttu&g_ep=EgoyMDI2MDIwMy4wIKXMDSoASAFQAw%3D%3D",,,,21.0361174,105.7902619
Cầu Giấy,Fun Studio Đại học Sư Phạm,"https://www.google.com/maps/place/Photo+Palette+-+D%C6%B0%C6%A1ng+Khu%C3%AA+-+C%E1%BA%A7u+Gi%E1%BA%A5y/@21.0359641,105.7730868,17z/data=!3m1!4b1!4m6!3m5!1s0x313455002ef0ce37:0xf831d124303904a8!8m2!3d21.0359641!4d105.7730868!16s%2Fg%2F11x8v7b4v0?entry=ttu&g_ep=EgoyMDI2MDIwMy4wIKXMDSoASAFQAw%3D%3D",,,,21.0359641,105.7730868
Cầu Giấy,Oldmoon Self Studio,"https://www.google.com/maps/place/PHOTO+TIME+(Self+Photo+Studio)/@21.0358499,105.782714,17z/data=!3m1!4b1!4m6!3m5!1s0x3135ab0a4a34effd:0x832f3b3ff84bfff9!8m2!3d21.0358499!4d105.782714!16s%2Fg%2F11vhx__ydl?entry=ttu&g_ep=EgoyMDI2MDIwMy4wIKXMDSoASAFQAw%3D%3D",,,,21.0358499,105.782714
Cầu Giấy,PHOTO TIME (Self Photo Studio),"https://www.google.com/maps/place/SAY+CHEESE+C%E1%BA%A6U+GI%E1%BA%A4Y/@21.0348532,105.7950732,17z/data=!3m1!4b1!4m6!3m5!1s0x3135ab269e38f4eb:0x99b270ff07f7f1d9!8m2!3d21.0348532!4d105.7950732!16s%2Fg%2F11l2ck5df5?entry=ttu&g_ep=EgoyMDI2MDIwMy4wIKXMDSoASAFQAw%3D%3D",,,,21.0348532,105.7950732
Cầu Giấy,Photo Palette - Dương Khuê - Cầu Giấy,"https://www.google.com/maps/place/Filmong/@21.007876,105.7929666,17z/data=!3m1!4b1!4m6!3m5!1s0x3135ad1a38d3b631:0x37bd030fdc7ee7eb!8m2!3d21.007876!4d105.7929666!16s%2Fg%2F11xz64qwd8?entry=ttu&g_ep=EgoyMDI2MDIwMy4wIKXMDSoASAFQAw%3D%3D",,,,21.007876,105.7929666
Cầu Giấy,Photobooth Grimfilm,"https://www.google.com/maps/place/Kclick+Photobooth+GO!+Th%C4%83ng+Long/@21.0072697,105.7932566,17z/data=!3m1!4b1!4m6!3m5!1s0x3135adb113d7e009:0x4c1564181b1e08ef!8m2!3d21.0072697!4d105.7932566!16s%2Fg%2F11xzr9bqcz?entry=ttu&g_ep=EgoyMDI2MDIwMy4wIKXMDSoASAFQAw%3D%3D",,,,21.0072697,105.7932566
Cầu Giấy,Photosona 191 Trần Quốc Hoàn,"https://www.google.com/maps/place/PHOTO+OBJET(D%E2%80%98Capitale)/@21.006802,105.7958226,17z/data=!3m1!4b1!4m6!3m5!1s0x3135ad000b91d195:0x80b266f35fd2499e!8m2!3d21.006802!4d105.7958226!16s%2Fg%2F11x88jq82c?entry=ttu&g_ep=EgoyMDI2MDIwMy4wIKXMDSoASAFQAw%3D%3D",,,,21.006802,105.7958226
Cầu Giấy,Photoism,"https://www.google.com/maps/place/Photoism/@20.9905279,105.006036,8z/data=!4m10!1m3!11m2!2sIwyP8EEmeod9_9UtXBVdnH6EEqELIA!3e3!3m5!1s0x3134550057342461:0xa5636c44765558ba!8m2!3d21.0368541!4d105.7779051!16s%2Fg%2F11y3_drxk9?entry=ttu&g_ep=EgoyMDI2MDIwMy4wIKXMDSoASAFQAw%3D%3D",,,,20.9905279,105.006036
Chương Mỹ,Meow Studio,"https://www.google.com/maps/place/Meow+Studio/@20.9094634,105.6993779,17z/data=!3m1!4b1!4m6!3m5!1s0x31344d519c3d9333:0xb4985d2de34b1c6a!8m2!3d20.9094634!4d105.6993779!16s%2Fg%2F11xgpdyzqn?entry=ttu&g_ep=EgoyMDI2MDIwMy4wIKXMDSoASAFQAw%3D%3D",,,,20.9094634,105.6993779
Đan Phượng,PHOTO MEMORY-ĐAN PHƯỢNG,"https://www.google.com/maps/place/HaHa+Photobooth/@21.0859295,105.6662233,17z/data=!3m1!4b1!4m6!3m5!1s0x313457abcfc63a81:0x9ec573d447950834!8m2!3d21.0859295!4d105.6662233!16s%2Fg%2F11xcty8bl8?entry=ttu&g_ep=EgoyMDI2MDIwMy4wIKXMDSoASAFQAw%3D%3D",,,,21.0859295,105.6662233
Đan Phượng,HaHa Photobooth,"https://www.google.com/maps/place/Meow+photobooth/@21.0858246,105.5993971,12z/data=!4m10!1m2!2m1!1smeow+photobooth!3m6!1s0x3134570065dd27a7:0x5e25a525b08a322e!8m2!3d21.0858246!4d105.6694349!15sCg9tZW93IHBob3RvYm9vdGhaESIPbWVvdyBwaG90b2Jvb3RokgELcGhvdG9fYm9vdGjgAQA!16s%2Fg%2F11l_48_1mg?entry=ttu&g_ep=EgoyMDI2MDIwMy4wIKXMDSoASAFQAw%3D%3D",,,,21.0858246,105.5993971
Đan Phượng,Meow photobooth,"https://www.google.com/maps/place/PHOTO+MEMORY-%C4%90AN+PH%C6%AF%E1%BB%A2NG/@21.07495,105.7016559,17z/data=!3m1!4b1!4m6!3m5!1s0x3134550041cf562d:0xf8059b68ed30c9ff!8m2!3d21.07495!4d105.7016559!16s%2Fg%2F11yrn1gvp1?entry=ttu&g_ep=EgoyMDI2MDIwMy4wIKXMDSoASAFQAw%3D%3D",,,,21.07495,105.7016559
Đống Đa,Tahu Ngon,"https://www.google.com/maps/place/168+P.+Th%C3%A1i+H%C3%A0,+Trung+Li%E1%BB%87t,+%C4%90%E1%BB%91ng+%C4%90a,+H%C3%A0+N%E1%BB%99i+100000,+Vietnam/@21.0127444,105.8206037,17z/data=!3m1!4b1!4m6!3m5!1s0x3135ab7daeb5a24b:0xab9e840945d952a6!8m2!3d21.0127444!4d105.8206037!16s%2Fg%2F11sj7sjr63?entry=ttu&g_ep=EgoyMDI2MDIwNC4wIKXMDSoKLDEwMDc5MjA2OUgBUAM%3D",,,,21.0127444,105.8206037
Đống Đa,Linh Linh Photobooth,"https://www.google.com/maps/place/Tahu+Ngon/@21.0194938,105.8313576,17z/data=!3m1!4b1!4m6!3m5!1s0x3135ab004515c109:0xb403337ffafb1411!8m2!3d21.0194938!4d105.8313576!16s%2Fg%2F11x0r71j4d!17m2!4m1!1e3!18m1!1e1?entry=ttu&g_ep=EgoyMDI2MDIwNC4wIKXMDSoKLDEwMDc5MjA2OUgBUAM%3D",,,,21.0194938,105.8313576
Đống Đa,Photo Palette - Láng Hạ,"https://www.google.com/maps/place/Photo+Razzle+Dazzle+68+Ch%C3%B9a+L%C3%A1ng/@21.0235503,105.8072836,17z/data=!3m1!4b1!4m6!3m5!1s0x3135ab004f81289b:0x3b32310f381820e!8m2!3d21.0235503!4d105.8072836!16s%2Fg%2F11w1jxyrcc?entry=ttu&g_ep=EgoyMDI2MDIwMy4wIKXMDSoASAFQAw%3D%3D",,,,21.0235503,105.8072836
Đống Đa,Photo Palette,"https://www.google.com/maps/place/PHOTO+TIME+-+CH%C3%99A+L%C3%81NG/@21.0234721,105.8049344,17z/data=!3m1!4b1!4m6!3m5!1s0x3135abdcd9e134c9:0xbf7a5d65f752b02c!8m2!3d21.0234721!4d105.8049344!16s%2Fg%2F11wq3lw3bz?entry=ttu&g_ep=EgoyMDI2MDIwMy4wIKXMDSoASAFQAw%3D%3D",,,,21.0234721,105.8049344
Đống Đa,CameraOn Chua Boc,"https://www.google.com/maps/place/Oldmoon+Self+Studio/@21.0234049,105.8042687,17z/data=!3m1!4b1!4m6!3m5!1s0x3135ab0040445d35:0xcefb1252b3a16804!8m2!3d21.0234049!4d105.8042687!16s%2Fg%2F11xsv6hhwy?entry=ttu&g_ep=EgoyMDI2MDIwMy4wIKXMDSoASAFQAw%3D%3D",,,,21.0234049,105.8042687
Đống Đa,MF Studio,"https://www.google.com/maps/place/I+PLAN.B+OSTUDIO/@21.0233802,105.8038342,17z/data=!3m1!4b1!4m6!3m5!1s0x3135ab003b001f5d:0xc38ed8318a4f92c0!8m2!3d21.0233802!4d105.8038342!16s%2Fg%2F11lv5btkzd?entry=ttu&g_ep=EgoyMDI2MDIwMy4wIKXMDSoASAFQAw%3D%3D",,,,21.0233802,105.8038342
Đống Đa,Bee.booth - Photobooth Hà Nội,"https://www.google.com/maps/place/Photo+Story+-+%ED%8F%AC%ED%86%A0%EC%8A%A4%ED%86%A0%EB%A6%AC+128+Ch%C3%B9a+L%C3%A1ng/@21.0231003,105.8014296,17z/data=!3m1!4b1!4m6!3m5!1s0x3135abdbb614e8ef:0xa4445976053e7fa0!8m2!3d21.0231003!4d105.8014296!16s%2Fg%2F11vym55s3l?entry=ttu&g_ep=EgoyMDI2MDIwMy4wIKXMDSoASAFQAw%3D%3D",,,,21.0231003,105.8014296
Đống Đa,Photo Hoàng,"https://www.google.com/maps/place/PHOTOSONA/@21.0229371,105.8080695,17z/data=!3m1!4b1!4m6!3m5!1s0x3135ab00399b9a59:0x3d568e2660b7dd62!8m2!3d21.0229371!4d105.8080695!16s%2Fg%2F11ydk1y4lv?entry=ttu&g_ep=EgoyMDI2MDIwMy4wIKXMDSoASAFQAw%3D%3D",,,,21.0229371,105.8080695
Đống Đa,168 P. Thái Hà ,"https://www.google.com/maps/place/Life4cuts+photobooth+-+%EC%9D%B8%EC%83%9D%EB%84%A4%EC%BB%B7/@21.0227665,105.800543,17z/data=!3m1!4b1!4m6!3m5!1s0x3135ab5c23c2cad1:0x1d827e4c551793!8m2!3d21.0227665!4d105.800543!16s%2Fg%2F11txh1c_zk?entry=ttu&g_ep=EgoyMDI2MDIwMy4wIKXMDSoASAFQAw%3D%3D",,,,21.0227665,105.800543
Đống Đa,Glame Photobooth,"https://www.google.com/maps/place/H.U.N+Photobooth/@21.0227315,105.8221327,17z/data=!3m1!4b1!4m6!3m5!1s0x3135ab00416d7a1f:0xae387513f22016e7!8m2!3d21.0227315!4d105.8221327!16s%2Fg%2F11x0fnsftz?entry=ttu&g_ep=EgoyMDI2MDIwMy4wIKXMDSoASAFQAw%3D%3D",,,,21.0227315,105.8221327
Đống Đa,Pose photo,"https://www.google.com/maps/place/Photoism/@21.0224721,105.7982547,17z/data=!4m10!1m2!2m1!1sphotoism!3m6!1s0x3135abe09934c3fd:0xab667dc1a941c05b!8m2!3d21.0224721!4d105.8004434!15sCghwaG90b2lzbVoKIghwaG90b2lzbZIBEnBob3RvZ3JhcGh5X3N0dWRpb5oBJENoZERTVWhOTUc5blMwVkpOMFZ0ZEROamVscGZhamxSUlJBQuABAPoBBAgAEC4!16s%2Fg%2F11x63_fvw1?entry=ttu&g_ep=EgoyMDI2MDIwMy4wIKXMDSoASAFQAw%3D%3D",,,,21.0224721,105.7982547
Đống Đa,I PLAN.B OSTUDIO,"https://www.google.com/maps/place/Petite+Film+Photobooth/@21.0199086,105.8263483,17z/data=!3m1!4b1!4m6!3m5!1s0x3135ad95dd2c02f1:0xa92d0bf171c227eb!8m2!3d21.0199086!4d105.8263483!16s%2Fg%2F11xg7n68fn?entry=ttu&g_ep=EgoyMDI2MDIwMy4wIKXMDSoASAFQAw%3D%3D",,,,21.0199086,105.8263483
Đống Đa,H.U.N Photobooth,"https://www.google.com/maps/place/Photo+Palette+-+L%C3%A1ng+H%E1%BA%A1/@21.0194473,105.8082694,17z/data=!3m1!4b1!4m6!3m5!1s0x3135ab0830f675c3:0x3c80c848008a97c5!8m2!3d21.0194473!4d105.8082694!16s%2Fg%2F11xh2nx9bx?entry=ttu&g_ep=EgoyMDI2MDIwMy4wIKXMDSoASAFQAw%3D%3D",,,,21.0194473,105.8082694
Đống Đa,MonoClick - Photobooth,"https://www.google.com/maps/place/Pose+photo/@21.0174564,105.8101168,17z/data=!3m1!4b1!4m6!3m5!1s0x3135ab00355f2873:0x4a28262c8900c9f1!8m2!3d21.0174564!4d105.8101168!16s%2Fg%2F11wn0mss8q?entry=ttu&g_ep=EgoyMDI2MDIwMy4wIKXMDSoASAFQAw%3D%3D",,,,21.0174564,105.8101168
Đống Đa,Photo Razzle Dazzle 104 C2 Phạm Ngọc Thạch,"https://www.google.com/maps/place/Photo+Easel+-+Photobooth+%C4%90%E1%BB%91ng+%C4%90a/@21.0161288,105.8225366,17z/data=!3m1!4b1!4m6!3m5!1s0x3135ab006372a447:0x9d4fc3b5869e6f22!8m2!3d21.0161288!4d105.8225366!16s%2Fg%2F11xykrvp0v?entry=ttu&g_ep=EgoyMDI2MDIwMy4wIKXMDSoASAFQAw%3D%3D",,,,21.0161288,105.8225366
Đống Đa,Photo Razzle Dazzle 68 Chùa Láng,"https://www.google.com/maps/place/MF+Studio/@21.015707,105.8241477,17z/data=!3m1!4b1!4m6!3m5!1s0x3135ab0066ff851f:0xc75ab0eca2447494!8m2!3d21.015707!4d105.8241477!16s%2Fg%2F11xz4_rjh8?entry=ttu&g_ep=EgoyMDI2MDIwMy4wIKXMDSoASAFQAw%3D%3D",,,,21.015707,105.8241477
Đống Đa,Photo Objet,"https://www.google.com/maps/place/Glame+Photobooth/@21.0152295,105.8233064,17z/data=!3m1!4b1!4m6!3m5!1s0x3135ab001f9fb4eb:0x873cfad21651a30b!8m2!3d21.0152295!4d105.8233064!16s%2Fg%2F11mdgq3qmq?entry=ttu&g_ep=EgoyMDI2MDIwMy4wIKXMDSoASAFQAw%3D%3D",,,,21.0152295,105.8233064
Đống Đa,Kangnam Photo,"https://www.google.com/maps/place/Bee.booth+-+Photobooth+H%C3%A0+N%E1%BB%99i/@21.0146736,105.8093909,17z/data=!3m1!4b1!4m6!3m5!1s0x3135abb77ffd33d1:0xcc7aac54993c0086!8m2!3d21.0146736!4d105.8093909!16s%2Fg%2F11yhlxv45_?entry=ttu&g_ep=EgoyMDI2MDIwMy4wIKXMDSoASAFQAw%3D%3D",,,,21.0146736,105.8093909
Đống Đa,Fun Studio Complex 01,"https://www.google.com/maps/place/Fun+Studio+Complex+01/@21.0106387,105.8266838,17z/data=!3m1!4b1!4m6!3m5!1s0x3135abe1c9dcb83f:0x68a896b9a409a641!8m2!3d21.0106387!4d105.8266838!16s%2Fg%2F11w4kkq47f?entry=ttu&g_ep=EgoyMDI2MDIwMy4wIKXMDSoASAFQAw%3D%3D",,,,21.0106387,105.8266838
Đống Đa,Oldmoon Self Studio,"https://www.google.com/maps/place/Photo+Story+-+%ED%8F%AC%ED%86%A0%EC%8A%A4%ED%86%A0%EB%A6%AC+Block+D6+%C4%90%E1%BA%B7ng+V%C4%83n+Ng%E1%BB%AF/@21.010439,105.8323148,17z/data=!3m1!4b1!4m6!3m5!1s0x3135add07815cf85:0x2d1e139e206dbb34!8m2!3d21.010439!4d105.8323148!16s%2Fg%2F11l20x6b7h?entry=ttu&g_ep=EgoyMDI2MDIwMy4wIKXMDSoASAFQAw%3D%3D",,,,21.010439,105.8323148
Đống Đa,Haru Film Chùa Bộc,"https://www.google.com/maps/place/Photo+Razzle+Dazzle+104+C2+Ph%E1%BA%A1m+Ng%E1%BB%8Dc+Th%E1%BA%A1ch/@21.0082079,105.8334582,17z/data=!3m1!4b1!4m6!3m5!1s0x3135ad0022ab0d4f:0x974c6e05324dbe7!8m2!3d21.0082079!4d105.8334582!16s%2Fg%2F11ydplxr9p?entry=ttu&g_ep=EgoyMDI2MDIwMy4wIKXMDSoASAFQAw%3D%3D",,,,21.0082079,105.8334582
Đống Đa,Life4cuts photobooth - 인생네컷,"https://www.google.com/maps/place/CameraOn+Chua+Boc/@21.007593,105.828311,17z/data=!3m1!4b1!4m6!3m5!1s0x3135ad78082cc611:0xde738f7d1ae8634c!8m2!3d21.007593!4d105.828311!16s%2Fg%2F11xlhjpx3j?entry=ttu&g_ep=EgoyMDI2MDIwMy4wIKXMDSoASAFQAw%3D%3D",,,,21.007593,105.828311
Đống Đa,PHOTO TIME - CHÙA LÁNG,"https://www.google.com/maps/place/Haru+Film+Ch%C3%B9a+B%E1%BB%99c/@21.0074057,105.8282777,17z/data=!3m1!4b1!4m6!3m5!1s0x3135addd4e78fb41:0xcd4ae038d05bbf0!8m2!3d21.0074057!4d105.8282777!16s%2Fg%2F11mdgxp9rx?entry=ttu&g_ep=EgoyMDI2MDIwMy4wIKXMDSoASAFQAw%3D%3D",,,,21.0074057,105.8282777
Đống Đa,Photo Story - 포토스토리 128 Chùa Láng,"https://www.google.com/maps/place/Photo+Ho%C3%A0ng/@21.0072169,105.8267675,17z/data=!3m1!4b1!4m6!3m5!1s0x3135ac805a95f087:0xc93bf665b59263a!8m2!3d21.0072169!4d105.8267675!16s%2Fg%2F11j34xtp_v?entry=ttu&g_ep=EgoyMDI2MDIwMy4wIKXMDSoASAFQAw%3D%3D",,,,21.0072169,105.8267675
Đống Đa,Photo Story,"https://www.google.com/maps/place/MonoClick+-+photobooth/@21.0071781,105.8267313,17z/data=!3m1!4b1!4m6!3m5!1s0x3135adf488fd7abb:0xae824f024b89b49d!8m2!3d21.0071781!4d105.8267313!16s%2Fg%2F11wntw2w0k?entry=ttu&g_ep=EgoyMDI2MDIwMy4wIKXMDSoASAFQAw%3D%3D",,,,21.0071781,105.8267313
Đống Đa,Petite Film Photobooth,"https://www.google.com/maps/place/Photoism/@21.0071738,105.8266425,17z/data=!4m10!1m2!2m1!1sphotoism!3m6!1s0x3135ad00157b2f61:0x8cfd79651ab59108!8m2!3d21.0071738!4d105.8288312!15sCghwaG90b2lzbVoKIghwaG90b2lzbZIBEnBob3RvZ3JhcGh5X3N0dWRpb5oBI0NoWkRTVWhOTUc5blMwVkpRMEZuVFVOUmVsOHRNa3huRUFF4AEA-gEECAAQKw!16s%2Fg%2F11wwrw3rw9?entry=ttu&g_ep=EgoyMDI2MDIwMy4wIKXMDSoASAFQAw%3D%3D",,,,21.0071738,105.8266425
Đống Đa,PHOTOSONA,"https://www.google.com/maps/place/Linh+Linh+Photobooth/@21.00688,105.8295029,17z/data=!3m1!4b1!4m6!3m5!1s0x3135adbb7ee63c87:0x332f061615a47e28!8m2!3d21.00688!4d105.8295029!16s%2Fg%2F11ysxn71cs?entry=ttu&g_ep=EgoyMDI2MDIwMy4wIKXMDSoASAFQAw%3D%3D",,,,21.00688,105.8295029
Đống Đa,Photoism,"https://www.google.com/maps/place/Photo+Palette/@21.0066235,105.8300058,17z/data=!3m1!4b1!4m6!3m5!1s0x3135adaa89224cc3:0x4bcfdd1b7af85bcd!8m2!3d21.0066235!4d105.8300058!16s%2Fg%2F11x8vvwrmp?entry=ttu&g_ep=EgoyMDI2MDIwMy4wIKXMDSoASAFQAw%3D%3D",,,,21.0066235,105.8300058
Đống Đa,Photoism,"https://www.google.com/maps/place/Kangnam+Photo/@21.0064355,105.8303871,17z/data=!3m1!4b1!4m6!3m5!1s0x3135adb8d24b2acb:0x9558db943c161eed!8m2!3d21.0064355!4d105.8303871!16s%2Fg%2F11kq12n9zk?entry=ttu&g_ep=EgoyMDI2MDIwMy4wIKXMDSoASAFQAw%3D%3D",,,,21.0064355,105.8303871
Đống Đa,Photo Easel Vincom Phạm Ngọc Thạch,"https://www.google.com/maps/place/Photo+Easel+Vincom+Ph%E1%BA%A1m+Ng%E1%BB%8Dc+Th%E1%BA%A1ch/@21.0062499,105.8320621,17z/data=!3m1!4b1!4m6!3m5!1s0x3135ad002a979b63:0x954c8fd3bbdefa13!8m2!3d21.0062499!4d105.8320621!16s%2Fg%2F11wfrr05vx?entry=ttu&g_ep=EgoyMDI2MDIwMy4wIKXMDSoASAFQAw%3D%3D",,,,21.0062499,105.8320621
Đống Đa,Photo Easel - Photobooth Đống Đa,"https://www.google.com/maps/place/Photo+Objet/@20.9905279,105.006036,8z/data=!4m10!1m3!11m2!2sIwyP8EEmeod9_9UtXBVdnH6EEqELIA!3e3!3m5!1s0x3135ad00462e4ce5:0xbed4cb1dc3a196f1!8m2!3d21.0062222!4d105.8320833!16s%2Fg%2F11wtm7shff?entry=ttu&g_ep=EgoyMDI2MDIwMy4wIKXMDSoASAFQAw%3D%3D",,,,20.9905279,105.006036
Gia Lâm,Razzle Dazzle Vincom Ocean Park,"https://www.google.com/maps/place/Razzle+Dazzle+Vincom+Ocean+Park/@20.9938915,105.9593842,17z/data=!3m1!4b1!4m6!3m5!1s0x3135af0058926571:0x63778bb2d8dac5ad!8m2!3d20.9938915!4d105.9593842!16s%2Fg%2F11lzf20mtc?entry=ttu&g_ep=EgoyMDI2MDIwMy4wIKXMDSoASAFQAw%3D%3D",,,,20.9938915,105.9593842
Hà Đông,"Photo Palette - Văn Quán, Hà Đông","https://www.google.com/maps/place/Life4cuts+photobooth+-+%EC%9D%B8%EC%83%9D%EB%84%A4%EC%BB%B7/@20.9901947,105.7165363,13z/data=!4m10!1m2!2m1!1slife4cuts!3m6!1s0x313453753a91f939:0x987823b9eac876e2!8m2!3d20.9901947!4d105.7515552!15sCglsaWZlNGN1dHNaCyIJbGlmZTRjdXRzkgEScGhvdG9ncmFwaHlfc3R1ZGlv4AEA!16s%2Fg%2F11txhnctp8?entry=ttu&g_ep=EgoyMDI2MDIwMy4wIKXMDSoASAFQAw%3D%3D",,,,20.9901947,105.7165363
Hà Đông,Fun Studio Tô Hiệu,"https://www.google.com/maps/place/Oldmoon+Self+Studio/@20.9832915,105.7926882,17z/data=!3m1!4b1!4m6!3m5!1s0x3135ad7755a8c7ed:0x16e12544d6a139d0!8m2!3d20.9832915!4d105.7926882!16s%2Fg%2F11h7pz7vw8?entry=ttu&g_ep=EgoyMDI2MDIwMy4wIKXMDSoASAFQAw%3D%3D",,,,20.9832915,105.7926882
Hà Đông,Photo Story,"https://www.google.com/maps/place/Photo+Razzle+Dazzle+H%E1%BB%93+G%C6%B0%C6%A1m+Plaza+H%C3%A0+%C4%90%C3%B4ng/@20.9790436,105.7856479,17z/data=!3m1!4b1!4m6!3m5!1s0x3135ad0031496cc7:0xe001e6933502c67b!8m2!3d20.9790436!4d105.7856479!16s%2Fg%2F11y9y4vq9m?entry=ttu&g_ep=EgoyMDI2MDIwMy4wIKXMDSoASAFQAw%3D%3D",,,,20.9790436,105.7856479
Hà Đông,Photo Story Văn Phú,"https://www.google.com/maps/place/Linh+Linh+Photobooth/@20.9780041,105.7872314,17z/data=!3m1!4b1!4m6!3m5!1s0x3135ad0018db86bd:0x4604c550e550eeae!8m2!3d20.9780041!4d105.7872314!16s%2Fg%2F11y000hlhc?entry=ttu&g_ep=EgoyMDI2MDIwMy4wIKXMDSoASAFQAw%3D%3D",,,,20.9780041,105.7872314
Hà Đông,RETRO 19XX,"https://www.google.com/maps/place/Photo+Palette+-+V%C4%83n+Qu%C3%A1n,+H%C3%A0+%C4%90%C3%B4ng/@20.9758777,105.7888554,17z/data=!3m1!4b1!4m6!3m5!1s0x3135adb209ff9185:0x14dfcc5d8ea86d68!8m2!3d20.9758777!4d105.7888554!16s%2Fg%2F11xc_ttzl9?entry=ttu&g_ep=EgoyMDI2MDIwMy4wIKXMDSoASAFQAw%3D%3D",,,,20.9758777,105.7888554
Hà Đông,Photo Razzle Dazzle Hồ Gươm Plaza Hà Đông,"https://www.google.com/maps/place/Memory+Booth/@20.9698979,105.7749482,17z/data=!3m1!4b1!4m6!3m5!1s0x313453006da0e127:0x756247750b09ef84!8m2!3d20.9698979!4d105.7749482!16s%2Fg%2F11wxm5y0cj?entry=ttu&g_ep=EgoyMDI2MDIwMy4wIKXMDSoASAFQAw%3D%3D",,,,20.9698979,105.7749482
Hà Đông,Memory Booth,"https://www.google.com/maps/place/Photo+Story/@20.9687438,105.7796168,17z/data=!3m1!4b1!4m6!3m5!1s0x313453006afeb221:0x677a5068ea9a48b8!8m2!3d20.9687438!4d105.7796168!16s%2Fg%2F11x5gx4kqz?entry=ttu&g_ep=EgoyMDI2MDIwMy4wIKXMDSoASAFQAw%3D%3D",,,,20.9687438,105.7796168
Hà Đông,Linh Linh Photobooth,"https://www.google.com/maps/place/Fun+Studio+T%C3%B4+Hi%E1%BB%87u/@20.964218,105.7743769,17z/data=!3m1!4b1!4m6!3m5!1s0x31345300231591e3:0xe12a5ec897be3976!8m2!3d20.964218!4d105.7743769!16s%2Fg%2F11m5f603q5?entry=ttu&g_ep=EgoyMDI2MDIwMy4wIKXMDSoASAFQAw%3D%3D",,,,20.964218,105.7743769
Hà Đông,Oldmoon Self Studio,"https://www.google.com/maps/place/RETRO+19XX/@20.9634704,105.7667326,17z/data=!3m1!4b1!4m6!3m5!1s0x31345300406db5b1:0xdbfe2cb51f3302d0!8m2!3d20.9634704!4d105.7667326!16s%2Fg%2F11yd70zcj_?entry=ttu&g_ep=EgoyMDI2MDIwMy4wIKXMDSoASAFQAw%3D%3D",,,,20.9634704,105.7667326
Hà Đông,Life4cuts photobooth - 인생네컷,"https://www.google.com/maps/place/Photo+Story+V%C4%83n+Ph%C3%BA/@20.9591568,105.7674081,17z/data=!3m1!4b1!4m6!3m5!1s0x313453ba22890e45:0x4aea5c68354315e4!8m2!3d20.9591568!4d105.7674081!16s%2Fg%2F11ygr_8tc9?entry=ttu&g_ep=EgoyMDI2MDIwMy4wIKXMDSoASAFQAw%3D%3D",,,,20.9591568,105.7674081
Hai Bà Trưng,Calico Film,"https://www.google.com/maps/place/Calico+Film/@21.004516,105.851247,17z/data=!3m1!4b1!4m6!3m5!1s0x3135ad6165e957e7:0x7d039c807b762a80!8m2!3d21.004516!4d105.851247!16s%2Fg%2F11xz5xkzfh?entry=ttu&g_ep=EgoyMDI2MDIwMy4wIKXMDSoASAFQAw%3D%3D",,,,21.004516,105.851247
Hai Bà Trưng,Photo Story - 포토스토리 34 Trần Đại Nghĩa,"https://www.google.com/maps/place/Photo+Story/@21.0023618,105.8447041,17z/data=!3m1!4b1!4m6!3m5!1s0x3135ad2605f14077:0x6351f649bd9e03f!8m2!3d21.0023618!4d105.8447041!16s%2Fg%2F11lcd1_4dv?entry=ttu&g_ep=EgoyMDI2MDIwMy4wIKXMDSoASAFQAw%3D%3D",,,,21.0023618,105.8447041
Hai Bà Trưng,SAYCHEESE- TRẦN ĐẠI NGHĨA,"https://www.google.com/maps/place/Photo+Easel+-+PhotoBooth+T%E1%BA%A1+Quang+B%E1%BB%ADu/@21.0018347,105.8405116,15z/data=!4m10!1m2!2m1!1sphoto+easel!3m6!1s0x3135ad0075e93643:0x688e164ebcaa5d32!8m2!3d21.0018347!4d105.8492663!15sCgtwaG90byBlYXNlbFoNIgtwaG90byBlYXNlbJIBC3Bob3RvX2Jvb3RomgEjQ2haRFNVaE5NRzluUzBWSlEwRm5TVU4yYkRSMWFHRjNFQUXgAQD6AQQIABA0!16s%2Fg%2F11wtbxch99?entry=ttu&g_ep=EgoyMDI2MDIwMy4wIKXMDSoASAFQAw%3D%3D",,,,21.0018347,105.8405116
Hai Bà Trưng,Photo Easel - Premium Self Photo Studio,"https://www.google.com/maps/place/Deluxe+by+Fun+Studio/@21.0002795,105.8451915,17z/data=!3m1!4b1!4m6!3m5!1s0x3135ad0b608ba6e9:0xcaee9d996ad6172d!8m2!3d21.0002795!4d105.8451915!16s%2Fg%2F11wxthb1_k?entry=ttu&g_ep=EgoyMDI2MDIwMy4wIKXMDSoASAFQAw%3D%3D",,,,21.0002795,105.8451915
Hai Bà Trưng,Deluxe by Fun Studio,"https://www.google.com/maps/place/SAYCHEESE-+TR%E1%BA%A6N+%C4%90%E1%BA%A0I+NGH%C4%A8A/@21.0002177,105.8451412,17z/data=!3m1!4b1!4m6!3m5!1s0x3135ad004b75e60b:0x1299129bb407a37c!8m2!3d21.0002177!4d105.8451412!16s%2Fg%2F11m5fsl25h?entry=ttu&g_ep=EgoyMDI2MDIwMy4wIKXMDSoASAFQAw%3D%3D",,,,21.0002177,105.8451412
Hai Bà Trưng,Life4cuts photobooth Vincom Times City,"https://www.google.com/maps/place/Photosona/@20.9986538,105.8459736,17z/data=!3m1!4b1!4m6!3m5!1s0x3135ad89650d3173:0x60d33aafe8772aee!8m2!3d20.9986538!4d105.8459736!16s%2Fg%2F11xf4xpvz_?entry=ttu&g_ep=EgoyMDI2MDIwMy4wIKXMDSoASAFQAw%3D%3D",,,,20.9986538,105.8459736
Hai Bà Trưng,Photosona,"https://www.google.com/maps/place/Photo+Easel+-+Premium+Self+Photo+Studio/@20.9963556,105.8332236,13z/data=!4m10!1m2!2m1!1sphoto+easel+!3m6!1s0x3135ad0009916e41:0xbacfacd0e639f713!8m2!3d20.9963556!4d105.8682425!15sCgtwaG90byBlYXNlbFoNIgtwaG90byBlYXNlbJIBC3Bob3RvX2Jvb3Ro4AEA!16s%2Fg%2F11wj4z3jl3?entry=ttu&g_ep=EgoyMDI2MDIwMy4wIKXMDSoASAFQAw%3D%3D",,,,20.9963556,105.8332236
Hai Bà Trưng,Photo Easel - PhotoBooth Tạ Quang Bửu,"https://www.google.com/maps/place/Life4cuts+photobooth+Vincom+Times+City/@20.9952902,105.8695216,17z/data=!3m1!4b1!4m6!3m5!1s0x3135ad9115083b7d:0x91c19816627bbcc3!8m2!3d20.9952902!4d105.8695216!16s%2Fg%2F11ss7jjvfl?entry=ttu&g_ep=EgoyMDI2MDIwMy4wIKXMDSoASAFQAw%3D%3D",,,,20.9952902,105.8695216
Hoài Đức,Photo Diary,"https://www.google.com/maps/place/Photo+Diary/@21.0701887,105.7071006,17z/data=!3m1!4b1!4m6!3m5!1s0x3134550013279ebb:0xa63b76dbc59595dd!8m2!3d21.0701887!4d105.7071006!16s%2Fg%2F11ycc3chnn?entry=ttu&g_ep=EgoyMDI2MDIwMy4wIKXMDSoASAFQAw%3D%3D",,,,21.0701887,105.7071006
Hoài Đức,Dreamy Photobooth Hoài Đức,"https://www.google.com/maps/place/Dreamy+Photobooth+Ho%C3%A0i+%C4%90%E1%BB%A9c/@21.0525896,105.704669,17z/data=!3m1!4b1!4m6!3m5!1s0x313455001bb1e633:0x1a7bb349b35355ef!8m2!3d21.0525896!4d105.704669!16s%2Fg%2F11md7pxzmg?entry=ttu&g_ep=EgoyMDI2MDIwMy4wIKXMDSoASAFQAw%3D%3D",,,,21.0525896,105.704669
Hoài Đức,MomentMe Photobooth,"https://www.google.com/maps/place/MomentMe+Photobooth/@21.0466898,105.6797768,17z/data=!3m1!4b1!4m6!3m5!1s0x313457004d83797d:0xb1ee5099f2d528c!8m2!3d21.0466898!4d105.6797768!16s%2Fg%2F11mcsxt72h?entry=ttu&g_ep=EgoyMDI2MDIwMy4wIKXMDSoASAFQAw%3D%3D",,,,21.0466898,105.6797768
Hoàn Kiếm,FilmoraVN - Premium Selfbooth,"https://www.google.com/maps/place/95+P.+H%C3%A0ng+G%C3%A0,+H%C3%A0ng+B%E1%BB%93,+Ho%C3%A0n+Ki%E1%BA%BFm,+H%C3%A0+N%E1%BB%99i+100000,+Vietnam/@21.0341022,105.8470737,17z/data=!3m1!4b1!4m6!3m5!1s0x3135abbe86c43e21:0xcc8e9b1bbd58db74!8m2!3d21.0341022!4d105.8470737!16s%2Fg%2F11w88c1zm7?entry=ttu&g_ep=EgoyMDI2MDIwNC4wIKXMDSoKLDEwMDc5MjA2OUgBUAM%3D",,,,21.0341022,105.8470737
Hoàn Kiếm,Photo Slate Hoàn Kiếm,"https://www.google.com/maps/place/PHOTO+TIME+-+LOTTE+MALL+WEST+LAKE+HANOI/@21.0744534,105.8128582,17z/data=!3m1!4b1!4m6!3m5!1s0x3135ab5620519a9d:0x6508670b6a36dd07!8m2!3d21.0744534!4d105.8128582!16s%2Fg%2F11vdtlkq23?entry=ttu&g_ep=EgoyMDI2MDIwMy4wIKXMDSoASAFQAw%3D%3D",,,,21.0744534,105.8128582
Hoàn Kiếm,PHOTOBY VIETNAM,"https://www.google.com/maps/place/PHOTO+EVE(%ED%8F%AC%ED%86%A0%EC%9D%B4%EB%B8%8C)/@21.0381536,105.8470138,17z/data=!3m1!4b1!4m6!3m5!1s0x3135ab004323f579:0x6949eeceb33f0822!8m2!3d21.0381536!4d105.8470138!16s%2Fg%2F11yd7hf231?entry=ttu&g_ep=EgoyMDI2MDIwMy4wIKXMDSoASAFQAw%3D%3D",,,,21.0381536,105.8470138
Hoàn Kiếm,Wis Corner - Photobooth 85 Thợ Nhuộm,"https://www.google.com/maps/place/SNAP+BOX+H%C3%80NG+G%C3%80+%7C+Premium+Self-Photo+Studio/@21.0342641,105.8471037,17z/data=!3m1!4b1!4m6!3m5!1s0x3135ab51e94af0db:0x3fc558922be6a8c2!8m2!3d21.0342641!4d105.8471037!16s%2Fg%2F11x6sct7kw?entry=ttu&g_ep=EgoyMDI2MDIwMy4wIKXMDSoASAFQAw%3D%3D",,,,21.0342641,105.8471037
Hoàn Kiếm,PHOTO EVE(포토이브),"https://www.google.com/maps/place/PHOTO+TIME+-+35B+NGUY%E1%BB%84N+H%E1%BB%AEU+HU%C3%82N/@21.0336666,105.8545438,17z/data=!3m1!4b1!4m6!3m5!1s0x3135ab6afd44027b:0x9cc28e30917d1c15!8m2!3d21.0336666!4d105.8545438!16s%2Fg%2F11lym9n1q9?entry=ttu&g_ep=EgoyMDI2MDIwMy4wIKXMDSoASAFQAw%3D%3D",,,,21.0336666,105.8545438
Hoàn Kiếm,95 P. Hàng Gà ,"https://www.google.com/maps/place/Photo+Slate+Ho%C3%A0n+Ki%E1%BA%BFm/@21.0336459,105.8501745,17z/data=!3m1!4b1!4m6!3m5!1s0x3135ab700a611889:0x25155fd068179fca!8m2!3d21.0336459!4d105.8501745!16s%2Fg%2F11ypr4_yxs?entry=ttu&g_ep=EgoyMDI2MDIwMy4wIKXMDSoASAFQAw%3D%3D",,,,21.0336459,105.8501745
Hoàn Kiếm,SNAP BOX HÀNG GÀ | Premium Self-Photo Studio,"https://www.google.com/maps/place/Photo+Rain/@21.030518,105.8441466,17z/data=!3m1!4b1!4m6!3m5!1s0x3135ab0050b556cd:0x1f80292471d0df80!8m2!3d21.030518!4d105.8441466!16s%2Fg%2F11wj51phr9?entry=ttu&g_ep=EgoyMDI2MDIwMy4wIKXMDSoASAFQAw%3D%3D",,,,21.030518,105.8441466
Hoàn Kiếm,MonoClick PhotoBooth,"https://www.google.com/maps/place/momentfilm+T%E1%BB%91ng+Duy+T%C3%A2n/@21.0292903,105.8433295,17z/data=!3m1!4b1!4m6!3m5!1s0x3135abbc55c1f379:0x8409ebcbf6d047f5!8m2!3d21.0292903!4d105.8433295!16s%2Fg%2F11tx5x1l43?entry=ttu&g_ep=EgoyMDI2MDIwMy4wIKXMDSoASAFQAw%3D%3D",,,,21.0292903,105.8433295
Hoàn Kiếm,Photo Razzle Dazzle Hoàn Kiếm,"https://www.google.com/maps/place/Foto.Flicker+Photobooth/@21.02899,105.848832,17z/data=!3m1!4b1!4m6!3m5!1s0x3135ab77ea19d617:0x5038df199caedbf1!8m2!3d21.02899!4d105.848832!16s%2Fg%2F11wx57419m?entry=ttu&g_ep=EgoyMDI2MDIwMy4wIKXMDSoASAFQAw%3D%3D",,,,21.02899,105.848832
Hoàn Kiếm,Linh Linh Photo Booth,"https://www.google.com/maps/place/Hanoism/@21.0289182,105.8455772,17z/data=!3m1!4b1!4m6!3m5!1s0x3135ab8d356dd23b:0xf916312cad1e859!8m2!3d21.0289182!4d105.8455772!16s%2Fg%2F11xfj3mpsx?entry=ttu&g_ep=EgoyMDI2MDIwMy4wIKXMDSoASAFQAw%3D%3D",,,,21.0289182,105.8455772
Hoàn Kiếm,momentfilm Tống Duy Tân,"https://www.google.com/maps/place/Photo+Palette+-+Ho%C3%A0n+Ki%E1%BA%BFm/@21.0285228,105.8495635,17z/data=!3m1!4b1!4m6!3m5!1s0x3135ab03ee0588df:0x5892d68cf8e0367b!8m2!3d21.0285228!4d105.8495635!16s%2Fg%2F11kjyj9_71?entry=ttu&g_ep=EgoyMDI2MDIwMy4wIKXMDSoASAFQAw%3D%3D",,,,21.0285228,105.8495635
Hoàn Kiếm,Momentfilm Hạ Hồi,"https://www.google.com/maps/place/FilmoraVN+-+Premium+Selfbooth/@21.0282336,105.8448533,17z/data=!3m1!4b1!4m6!3m5!1s0x3135ab003d62ec9d:0x8ca100ebaff95370!8m2!3d21.0282336!4d105.8448533!16s%2Fg%2F11ypd1897k?entry=ttu&g_ep=EgoyMDI2MDIwMy4wIKXMDSoASAFQAw%3D%3D",,,,21.0282336,105.8448533
Hoàn Kiếm,Photo Palette - Hoàn Kiếm,"https://www.google.com/maps/place/Fancy+Film+Photobooth/@21.0267247,105.8450829,17z/data=!3m1!4b1!4m6!3m5!1s0x3135ab04a633e753:0xf898de8a7eb920bf!8m2!3d21.0267247!4d105.8450829!16s%2Fg%2F11xf2_fkfd?entry=ttu&g_ep=EgoyMDI2MDIwMy4wIKXMDSoASAFQAw%3D%3D",,,,21.0267247,105.8450829
Hoàn Kiếm,Haru Film Hàng Khay,"https://www.google.com/maps/place/Linh+Linh+Photo+Booth/@21.0255847,105.8524427,17z/data=!3m1!4b1!4m6!3m5!1s0x3135abc7e0a27eb9:0x15791b7ca649e98a!8m2!3d21.0255847!4d105.8524427!16s%2Fg%2F11wv23mwxt?entry=ttu&g_ep=EgoyMDI2MDIwMy4wIKXMDSoASAFQAw%3D%3D",,,,21.0255847,105.8524427
Hoàn Kiếm,Life4cuts photobooth - 인생네컷,"https://www.google.com/maps/place/Haru+Film+H%C3%A0ng+Khay/@21.0255341,105.8526345,17z/data=!3m1!4b1!4m6!3m5!1s0x3135aba5e1c3302d:0x1de1c0b31ce64ff5!8m2!3d21.0255341!4d105.8526345!16s%2Fg%2F11vx71xwm1?entry=ttu&g_ep=EgoyMDI2MDIwMy4wIKXMDSoASAFQAw%3D%3D",,,,21.0255341,105.8526345
Hoàn Kiếm,PHOTO TIME - LOTTE MALL WEST LAKE HANOI,"https://www.google.com/maps/place/Photo+Razzle+Dazzle+Ho%C3%A0n+Ki%E1%BA%BFm/@21.0250495,105.8529526,17z/data=!3m1!4b1!4m6!3m5!1s0x3135ab00543d48b5:0x22e9556fb2fdc52d!8m2!3d21.0250495!4d105.8529526!16s%2Fg%2F11ygx0b2hx?entry=ttu&g_ep=EgoyMDI2MDIwMy4wIKXMDSoASAFQAw%3D%3D",,,,21.0250495,105.8529526
Hoàn Kiếm,PHOTO TIME - 35B NGUYỄN HỮU HUÂN,"https://www.google.com/maps/place/Wis+Corner+-+Photobooth+85+Th%E1%BB%A3+Nhu%E1%BB%99m/@21.0230519,105.8485456,17z/data=!3m1!4b1!4m6!3m5!1s0x3135ab0019564efb:0x24982e8de11bcbdf!8m2!3d21.0230519!4d105.8485456!16s%2Fg%2F11x6vmfg50?entry=ttu&g_ep=EgoyMDI2MDIwMy4wIKXMDSoASAFQAw%3D%3D",,,,21.0230519,105.8485456
Hoàn Kiếm,Fancy Film Photobooth,"https://www.google.com/maps/place/MonoClick+PhotoBooth/@21.0218297,105.8500564,17z/data=!3m1!4b1!4m6!3m5!1s0x3135ab005d1b1abb:0xd4c0239175bbe91c!8m2!3d21.0218297!4d105.8500564!16s%2Fg%2F11x6b_bdbh?entry=ttu&g_ep=EgoyMDI2MDIwMy4wIKXMDSoASAFQAw%3D%3D",,,,21.0218297,105.8500564
Hoàn Kiếm,Foto.Flicker Photobooth,"https://www.google.com/maps/place/Momentfilm+H%E1%BA%A1+H%E1%BB%93i/@21.0212543,105.8476901,17z/data=!3m1!4b1!4m6!3m5!1s0x3135abb7196fe68b:0x9e7a0bbcd01c193d!8m2!3d21.0212543!4d105.8476901!16s%2Fg%2F11xyrcr3pb?entry=ttu&g_ep=EgoyMDI2MDIwMy4wIKXMDSoASAFQAw%3D%3D",,,,21.0212543,105.8476901
Hoàn Kiếm,Photo Rain,"https://www.google.com/maps/place/PHOTOBY+VIETNAM/@21.0195793,105.8499737,17z/data=!3m1!4b1!4m6!3m5!1s0x3135ab004afcf2ad:0x4074ba57d97c6c96!8m2!3d21.0195793!4d105.8499737!16s%2Fg%2F11w3mm40vf?entry=ttu&g_ep=EgoyMDI2MDIwMy4wIKXMDSoASAFQAw%3D%3D",,,,21.0195793,105.8499737
Hoàn Kiếm,Hanoism,"https://www.google.com/maps/place/Life4cuts+photobooth+-+%EC%9D%B8%EC%83%9D%EB%84%A4%EC%BB%B7/@21.0075538,105.8105384,13z/data=!4m10!1m2!2m1!1slife4cuts!3m6!1s0x3135ab006be718d3:0x46a4d4ffe26f7ec0!8m2!3d21.028093!4d105.8499491!15sCglsaWZlNGN1dHNaCyIJbGlmZTRjdXRzkgELcGhvdG9fYm9vdGjgAQA!16s%2Fg%2F11w9skrrqs?entry=ttu&g_ep=EgoyMDI2MDIwMy4wIKXMDSoASAFQAw%3D%3D",,,,21.0075538,105.8105384
Hoàng Mai,Fun Studio Tân Mai,"https://www.google.com/maps/place/Fun+Studio+T%C3%A2n+Mai/@20.9835335,105.8494104,17z/data=!3m1!4b1!4m6!3m5!1s0x3135ade3f93378e5:0xab68588e8e150068!8m2!3d20.9835335!4d105.8494104!16s%2Fg%2F11wq31w2lw?entry=ttu&g_ep=EgoyMDI2MDIwMy4wIKXMDSoASAFQAw%3D%3D",,,,20.9835335,105.8494104
Hoàng Mai,PHOTO RAZZLE DAZZLE LINHDAM,"https://www.google.com/maps/place/PHOTO+RAZZLE+DAZZLE+LINHDAM/@20.9644618,105.8220466,17z/data=!3m1!4b1!4m6!3m5!1s0x3135ad002720db41:0xa8665360f0c36a2c!8m2!3d20.9644618!4d105.8220466!16s%2Fg%2F11y07gdd30?entry=ttu&g_ep=EgoyMDI2MDIwMy4wIKXMDSoASAFQAw%3D%3D",,,,20.9644618,105.8220466
Long Biên,Mía Photobooth,"https://www.google.com/maps/place/M%C3%ADa+Photobooth/@21.054466,105.9034717,17z/data=!3m1!4b1!4m6!3m5!1s0x3135a90046034a89:0x39149c939ee448e5!8m2!3d21.054466!4d105.9034717!16s%2Fg%2F11mczdxp78?entry=ttu&g_ep=EgoyMDI2MDIwMy4wIKXMDSoASAFQAw%3D%3D",,,,21.054466,105.9034717
Long Biên,SNAP BOX | Premium Self-Photo Studio,"https://www.google.com/maps/place/Photo+Palette-+Long+Bi%C3%AAn/@21.0497247,105.8837606,17z/data=!3m1!4b1!4m6!3m5!1s0x3135a9005f40019d:0x87881d108b3f34ee!8m2!3d21.0497247!4d105.8837606!16s%2Fg%2F11yh3mz9v3?entry=ttu&g_ep=EgoyMDI2MDIwMy4wIKXMDSoASAFQAw%3D%3D",,,,21.0497247,105.8837606
Long Biên,Posé Photobooth,"https://www.google.com/maps/place/SNAP+BOX+%7C+Premium+Self-Photo+Studio/@21.0465135,105.873487,17z/data=!3m1!4b1!4m6!3m5!1s0x3135ab091ea095f9:0x5dc0ce3239d0fccf!8m2!3d21.0465135!4d105.873487!16s%2Fg%2F11w3qh91r2?entry=ttu&g_ep=EgoyMDI2MDIwMy4wIKXMDSoASAFQAw%3D%3D",,,,21.0465135,105.873487
Long Biên,Photo Easel - PhotoBooth Aeon Mall Long Biên,"https://www.google.com/maps/place/Pos%C3%A9+Photobooth/@21.0449335,105.871902,17z/data=!3m1!4b1!4m6!3m5!1s0x3135ab007ea48d57:0x4edd77e9ec03f35!8m2!3d21.0449335!4d105.871902!16s%2Fg%2F11xkr03hvm?entry=ttu&g_ep=EgoyMDI2MDIwMy4wIKXMDSoASAFQAw%3D%3D",,,,21.0449335,105.871902
Long Biên,Photo Palette- Long Biên,"https://www.google.com/maps/place/Photo+Easel+-+PhotoBooth+Aeon+Mall+Long+Bi%C3%AAn/@21.0282862,105.8634015,13z/data=!4m10!1m2!2m1!1sphoto+easel+!3m6!1s0x3135a9002abb7825:0x6a9410184d61abb3!8m2!3d21.0282862!4d105.8984204!15sCgtwaG90byBlYXNlbFoNIgtwaG90byBlYXNlbJIBC3Bob3RvX2Jvb3Ro4AEA!16s%2Fg%2F11wc87gy9w?entry=ttu&g_ep=EgoyMDI2MDIwMy4wIKXMDSoASAFQAw%3D%3D",,,,21.0282862,105.8634015
Nam Từ Liêm,Happy Photo 2,"https://www.google.com/maps/place/Photoism/@21.0163226,105.7758709,17z/data=!4m10!1m2!2m1!1sphotoism!3m6!1s0x3135ab259128db0b:0xc5c1fc2fad699325!8m2!3d21.0163226!4d105.7780596!15sCghwaG90b2lzbVoKIghwaG90b2lzbZIBEnBob3RvZ3JhcGh5X3N0dWRpb5oBI0NoWkRTVWhOTUc5blMwVkpRMEZuU1VSMmVqWmZZMlpSRUFF4AEA-gEECAAQQQ!16s%2Fg%2F11vhscwpcz?entry=ttu&g_ep=EgoyMDI2MDIwMy4wIKXMDSoASAFQAw%3D%3D",,,,21.0163226,105.7758709
Nam Từ Liêm,1 SHOT PHOTO、コピー品街,"https://www.google.com/maps/place/1+SHOT+PHOTO%E3%80%81%E3%82%B3%E3%83%94%E3%83%BC%E5%93%81%E8%A1%97/@21.0151696,105.7776755,17z/data=!3m1!4b1!4m6!3m5!1s0x31345500661a6d7d:0x69aba258a8663220!8m2!3d21.0151696!4d105.7776755!16s%2Fg%2F11y37cy_50?entry=ttu&g_ep=EgoyMDI2MDIwMy4wIKXMDSoASAFQAw%3D%3D",,,,21.0151696,105.7776755
Nam Từ Liêm,Photoism,"https://www.google.com/maps/place/FotoLab+Vi%E1%BB%87t+Nam/@21.0121945,105.7755704,17z/data=!3m1!4b1!4m6!3m5!1s0x313453000f0ff019:0x1ba4261e78aea4f2!8m2!3d21.0121945!4d105.7755704!16s%2Fg%2F11y8dyy8t9?entry=ttu&g_ep=EgoyMDI2MDIwMy4wIKXMDSoASAFQAw%3D%3D",,,,21.0121945,105.7755704
Nam Từ Liêm,Photo Easel,"https://www.google.com/maps/place/Photo+Easel/@21.0057605,105.7454284,15z/data=!4m10!1m2!2m1!1sphoto+easel!3m6!1s0x31345300535ecb15:0x2521e5d8b2f0e20b!8m2!3d21.0057605!4d105.7541831!15sCgtwaG90byBlYXNlbFoNIgtwaG90byBlYXNlbJIBEnBob3RvZ3JhcGh5X3N0dWRpb5oBJENoZERTVWhOTUc5blMwVkpRMEZuU1VSdWVsOURjR3RCUlJBQuABAPoBBAgAECA!16s%2Fg%2F11lp1q6g0v?entry=ttu&g_ep=EgoyMDI2MDIwMy4wIKXMDSoASAFQAw%3D%3D",,,,21.0057605,105.7454284
Nam Từ Liêm,FotoLab Việt Nam,"https://www.google.com/maps/place/Happy+Photo+2/@20.9873266,105.7968971,17z/data=!3m1!4b1!4m6!3m5!1s0x3135ad1e6affd7f1:0xd776aed2e615b566!8m2!3d20.9873266!4d105.7968971!16s%2Fg%2F11vdb8t2xw?entry=ttu&g_ep=EgoyMDI2MDIwMy4wIKXMDSoASAFQAw%3D%3D",,,,20.9873266,105.7968971
Tây Hồ,Photo Easel - Premium Self Photo Studio,"https://www.google.com/maps/place/Photo+Objet-+Lotte+Mall+West+Lake+H%C3%A0+N%E1%BB%99i/@21.0755176,105.8134479,17z/data=!3m1!4b1!4m6!3m5!1s0x3135ab1737ccd6b5:0x29bbeac4bfa88e54!8m2!3d21.0755176!4d105.8134479!16s%2Fg%2F11xg8rxy2j?entry=ttu&g_ep=EgoyMDI2MDIwMy4wIKXMDSoASAFQAw%3D%3D",,,,21.0755176,105.8134479
Tây Hồ,PHOTO VIVID,"https://www.google.com/maps/place/SEOHO+Photo+Booth+Premium+Studio+%EC%84%9C%ED%98%B8%EC%82%AC%EC%A7%84%EA%B4%80%EC%8A%A4%ED%8A%9C%EB%94%94%EC%98%A4/@21.0732243,105.8148229,17z/data=!3m1!4b1!4m6!3m5!1s0x3135ab9823473967:0xb3d768e9335aaf45!8m2!3d21.0732243!4d105.8148229!16s%2Fg%2F11wx5pmb16?entry=ttu&g_ep=EgoyMDI2MDIwMy4wIKXMDSoASAFQAw%3D%3D",,,,21.0732243,105.8148229
Tây Hồ,Photo Enter,"https://www.google.com/maps/place/Market+Photobooth/@21.0698169,105.8131626,17z/data=!3m1!4b1!4m6!3m5!1s0x3135ab002824552d:0xb3b5a731603fea2c!8m2!3d21.0698169!4d105.8131626!16s%2Fg%2F11m6rl2jzx?entry=ttu&g_ep=EgoyMDI2MDIwMy4wIKXMDSoASAFQAw%3D%3D",,,,21.0698169,105.8131626
Tây Hồ,Photo Objet- Lotte Mall West Lake Hà Nội,"https://www.google.com/maps/place/Haru+Film+Nh%E1%BA%ADt+Chi%C3%AAu/@21.0697601,105.8131553,17z/data=!3m1!4b1!4m6!3m5!1s0x3135aba1b2331db9:0x85cf5a005fc946b5!8m2!3d21.0697601!4d105.8131553!16s%2Fg%2F11w9p07tlr?entry=ttu&g_ep=EgoyMDI2MDIwMy4wIKXMDSoASAFQAw%3D%3D",,,,21.0697601,105.8131553
Tây Hồ,Photo Palette - Tây Hồ,"https://www.google.com/maps/place/CameraOn/@21.069237,105.8127691,17z/data=!3m1!4b1!4m6!3m5!1s0x3135ab0066a026fd:0xef2ccaff7e64d13c!8m2!3d21.069237!4d105.8127691!16s%2Fg%2F11wvt3qlt7?entry=ttu&g_ep=EgoyMDI2MDIwMy4wIKXMDSoASAFQAw%3D%3D",,,,21.069237,105.8127691
Tây Hồ,Mot hai ba Vivid - Tây Hồ,"https://www.google.com/maps/place/Photoism+H%E1%BB%93+T%C3%A2y/@21.0682858,105.822866,17z/data=!4m10!1m2!2m1!1sphotoism!3m6!1s0x3135abcf8a6693e9:0x4d2579729c8e5f0f!8m2!3d21.0682858!4d105.8250547!15sCghwaG90b2lzbVoKIghwaG90b2lzbZIBEnBob3RvZ3JhcGh5X3N0dWRpb5oBRENpOURRVWxSUVVOdlpFTm9kSGxqUmpsdlQyMUdNMUl5Y0d4VGJVWjBXV3RLY2xNd01EQlVSbkJ4VG1wS1NtUXlZeEFC4AEA-gEECAAQQQ!16s%2Fg%2F11x2x3mvyb?entry=ttu&g_ep=EgoyMDI2MDIwMy4wIKXMDSoASAFQAw%3D%3D",,,,21.0682858,105.822866
Tây Hồ,Linh Linh Photobooth,"https://www.google.com/maps/place/Petite+Film+Photobooth/@21.0600365,105.8339596,17z/data=!3m1!4b1!4m6!3m5!1s0x3135ab7b1e3d3a8b:0xc2d30b011ec82569!8m2!3d21.0600365!4d105.8339596!16s%2Fg%2F11lz95fp1x?entry=ttu&g_ep=EgoyMDI2MDIwMy4wIKXMDSoASAFQAw%3D%3D",,,,21.0600365,105.8339596
Tây Hồ,Momentfilm Tây Hồ,"https://www.google.com/maps/place/Mot+hai+ba+Vivid+-+T%C3%A2y+H%E1%BB%93/@21.0521315,105.8125985,17z/data=!3m1!4b1!4m6!3m5!1s0x3135ab003f5ed54b:0xb2e10f599b8a6a52!8m2!3d21.0521315!4d105.8125985!16s%2Fg%2F11w7hbpkbp?entry=ttu&g_ep=EgoyMDI2MDIwMy4wIKXMDSoASAFQAw%3D%3D",,,,21.0521315,105.8125985
Tây Hồ,Haru Film Nhật Chiêu,"https://www.google.com/maps/place/Linh+Linh+Photobooth/@21.0485195,105.8141578,17z/data=!3m1!4b1!4m6!3m5!1s0x3135ab00147f6379:0xd4e462f92d8df5b8!8m2!3d21.0485195!4d105.8141578!16s%2Fg%2F11mdkthw4n?entry=ttu&g_ep=EgoyMDI2MDIwMy4wIKXMDSoASAFQAw%3D%3D",,,,21.0485195,105.8141578
Tây Hồ,SEOHO Photo Booth Premium Studio 서호사진관스튜디오,"https://www.google.com/maps/place/PHOTO+VIVID/@21.0469362,105.8143323,17z/data=!3m1!4b1!4m6!3m5!1s0x3135ab006440fd55:0xde98702d88aa5e34!8m2!3d21.0469362!4d105.8143323!16s%2Fg%2F11w4m9kbxj?entry=ttu&g_ep=EgoyMDI2MDIwMy4wIKXMDSoASAFQAw%3D%3D",,,,21.0469362,105.8143323
Tây Hồ,CAMera ON,"https://www.google.com/maps/place/Momentfilm+T%C3%A2y+H%E1%BB%93/@21.043828,105.8214847,17z/data=!3m1!4b1!4m6!3m5!1s0x3135abb9874a1c69:0xec864344af1bae69!8m2!3d21.043828!4d105.8214847!16s%2Fg%2F11wx9mbfpg?entry=ttu&g_ep=EgoyMDI2MDIwMy4wIKXMDSoASAFQAw%3D%3D",,,,21.043828,105.8214847
Tây Hồ,Petite Film Photobooth,"https://www.google.com/maps/place/Photo+Easel+-+Premium+Self+Photo+Studio/@21.0420722,105.8277578,17z/data=!3m1!4b1!4m6!3m5!1s0x3135aba0bb1dc371:0x616a7dbe4d0e8f8b!8m2!3d21.0420722!4d105.8277578!16s%2Fg%2F11yfmtdt3s?entry=ttu&g_ep=EgoyMDI2MDIwMy4wIKXMDSoASAFQAw%3D%3D",,,,21.0420722,105.8277578
Tây Hồ,Market Photobooth,"https://www.google.com/maps/place/Photo+Enter/@21.0341033,105.8016326,14z/data=!4m10!1m2!2m1!1sphoto+enter!3m6!1s0x3135ab00724b150b:0xa26e61abcd599b8a!8m2!3d21.0421711!4d105.8259828!15sCgtwaG90byBlbnRlcloNIgtwaG90byBlbnRlcpIBEnBob3RvZ3JhcGh5X3N0dWRpb-ABAA!16s%2Fg%2F11x987_12z?entry=ttu&g_ep=EgoyMDI2MDIwMy4wIKXMDSoASAFQAw%3D%3D",,,,21.0341033,105.8016326
Tây Hồ,Photoism Hồ Tây,"https://www.google.com/maps/place/Photo+Palette+-+T%C3%A2y+H%E1%BB%93/@20.9905279,105.006036,8z/data=!4m10!1m3!11m2!2sIwyP8EEmeod9_9UtXBVdnH6EEqELIA!3e3!3m5!1s0x3135abf33796fbb7:0xcfea86a9c6305306!8m2!3d21.070452!4d105.813508!16s%2Fg%2F11vjmp8t8t?entry=ttu&g_ep=EgoyMDI2MDIwMy4wIKXMDSoASAFQAw%3D%3D",,,,20.9905279,105.006036
Thanh Trì,Peach Box Photobooth,"https://www.google.com/maps/place/Life4cuts+%EC%9D%B8%EC%83%9D%EB%84%A4%EC%BB%B7+Tri%E1%BB%81u+Kh%C3%BAc/@20.9905279,105.006036,8z/data=!4m10!1m3!11m2!2sIwyP8EEmeod9_9UtXBVdnH6EEqELIA!3e3!3m5!1s0x3135ad35eff60f85:0xbfb67d7ddc041ffb!8m2!3d20.9832171!4d105.8006564!16s%2Fg%2F11kpdgzbtn?entry=ttu&g_ep=EgoyMDI2MDIwMy4wIKXMDSoASAFQAw%3D%3D",,,,20.9905279,105.006036
Thanh Trì,Rosyfilm - Photobooth,"https://www.google.com/maps/place/Peach+Box+Photobooth/@20.9413004,105.8500455,17z/data=!3m1!4b1!4m6!3m5!1s0x3135ad006f23c4cf:0x321fdeff76e0cadf!8m2!3d20.9413004!4d105.8500455!16s%2Fg%2F11x8rpfg_x?entry=ttu&g_ep=EgoyMDI2MDIwMy4wIKXMDSoASAFQAw%3D%3D",,,,20.9413004,105.8500455
Thanh Trì,Life4cuts 인생네컷 Triều Khúc,"https://www.google.com/maps/place/Rosyfilm+-+Photobooth/@20.9165605,105.8682162,17z/data=!3m1!4b1!4m6!3m5!1s0x3135ade9c0f24bb9:0xb81b59be97e09fd3!8m2!3d20.9165605!4d105.8682162!16s%2Fg%2F11x3488180?entry=ttu&g_ep=EgoyMDI2MDIwMy4wIKXMDSoASAFQAw%3D%3D",,,,20.9165605,105.8682162
Thanh Xuân,Photo Palette,"https://www.google.com/maps/place/Photo+Easel+-+41+V%C5%A9+Tr%E1%BB%8Dng+Ph%E1%BB%A5ng/@21.0121945,105.7755704,13z/data=!4m10!1m2!2m1!1sphoto+easel+!3m6!1s0x3135ad001d0c522d:0x14ce0d3563a01835!8m2!3d20.9974338!4d105.8097084!15sCgtwaG90byBlYXNlbFoNIgtwaG90byBlYXNlbJIBC3Bob3RvX2Jvb3Ro4AEA!16s%2Fg%2F11yj6k8j3j?entry=ttu&g_ep=EgoyMDI2MDIwMy4wIKXMDSoASAFQAw%3D%3D",,,,21.0121945,105.7755704
Thanh Xuân,Fun Studio Royal City,"https://www.google.com/maps/place/Life4cuts+photobooth+-+%EC%9D%B8%EC%83%9D%EB%84%A4%EC%BB%B7/@21.0032494,105.7814113,13z/data=!4m10!1m2!2m1!1slife4cuts!3m6!1s0x3135ad49ca949ad5:0x7fc5f2b11d48f5e4!8m2!3d21.0032494!4d105.8164302!15sCglsaWZlNGN1dHNaCyIJbGlmZTRjdXRzkgELcGhvdG9fYm9vdGjgAQA!16s%2Fg%2F11kptr5tn3?entry=ttu&g_ep=EgoyMDI2MDIwMy4wIKXMDSoASAFQAw%3D%3D",,,,21.0032494,105.7814113
Thanh Xuân,Mochi Film - Photobooth,"https://www.google.com/maps/place/Photo+Razzle+Dazzle+Vincom+Royal+City/@21.0032494,105.8164302,17z/data=!3m1!4b1!4m6!3m5!1s0x3135adb51f24b4b1:0xfd1d3411a12919cf!8m2!3d21.0032494!4d105.8164302!16s%2Fg%2F11lnpc6814?entry=ttu&g_ep=EgoyMDI2MDIwMy4wIKXMDSoASAFQAw%3D%3D",,,,21.0032494,105.8164302
Thanh Xuân,Photo Razzle Dazzle Vincom Royal City,"https://www.google.com/maps/place/PHOTO+TIME+-+VINCOM+MEGA+MALL+ROYAL+CITY/@21.0032494,105.8164302,17z/data=!3m1!4b1!4m6!3m5!1s0x3135ad6ac7addead:0x56cb01ac468567dc!8m2!3d21.0032494!4d105.8164302!16s%2Fg%2F11kpkrbj2r?entry=ttu&g_ep=EgoyMDI2MDIwMy4wIKXMDSoASAFQAw%3D%3D",,,,21.0032494,105.8164302
Thanh Xuân,Photo Easel - 41 Vũ Trọng Phụng,"https://www.google.com/maps/place/Fun+Studio+Royal+City/@21.0028475,105.8150866,17z/data=!3m1!4b1!4m6!3m5!1s0x3135ad2858a94515:0xb8cdd567255a713f!8m2!3d21.0028475!4d105.8150866!16s%2Fg%2F11h_mvmv42?entry=ttu&g_ep=EgoyMDI2MDIwMy4wIKXMDSoASAFQAw%3D%3D",,,,21.0028475,105.8150866
Thanh Xuân,Life4cuts photobooth - 인생네컷,"https://www.google.com/maps/place/Photo+Palette/@20.9971797,105.8098542,17z/data=!3m1!4b1!4m6!3m5!1s0x3135ad000f96fe6d:0x919c20e1f36da9a9!8m2!3d20.9971797!4d105.8098542!16s%2Fg%2F11x610hx0g?entry=ttu&g_ep=EgoyMDI2MDIwMy4wIKXMDSoASAFQAw%3D%3D",,,,20.9971797,105.8098542
Thanh Xuân,PHOTO TIME - VINCOM MEGA MALL ROYAL CITY,"https://www.google.com/maps/place/Mochi+Film+-+Photobooth/@20.9938063,105.8024617,17z/data=!3m1!4b1!4m6!3m5!1s0x3135ad007634e97d:0x9afc3768c888a053!8m2!3d20.9938063!4d105.8024617!16s%2Fg%2F11m65tvfb5?entry=ttu&g_ep=EgoyMDI2MDIwMy4wIKXMDSoASAFQAw%3D%3D",,,,20.9938063,105.8024617
Thanh Xuân,Photosona Triều Khúc,"https://www.google.com/maps/place/PHOTOISM/@20.9855644,105.7982929,17z/data=!4m10!1m2!2m1!1sphotoism!3m6!1s0x3135ad000b87ee05:0x51e8ad6587f68f99!8m2!3d20.9864786!4d105.7995448!15sCghwaG90b2lzbVoKIghwaG90b2lzbZIBEnBob3RvZ3JhcGh5X3N0dWRpb5oBI0NoWkRTVWhOTUc5blMwVkpRMEZuU1VOWWJrMXBjME5SRUFF4AEA-gEECAAQKg!16s%2Fg%2F11lnhp60_f?entry=ttu&g_ep=EgoyMDI2MDIwMy4wIKXMDSoASAFQAw%3D%3D",,,,20.9855644,105.7982929
Thanh Xuân,PHOTOISM,"https://www.google.com/maps/place/Photosona+Tri%E1%BB%81u+Kh%C3%BAc/@20.9855644,105.7982929,17z/data=!3m1!4b1!4m6!3m5!1s0x3135adf92c80c9b9:0x273c680e3075abe7!8m2!3d20.9855644!4d105.7982929!16s%2Fg%2F11xlzkxhf6?entry=ttu&g_ep=EgoyMDI2MDIwMy4wIKXMDSoASAFQAw%3D%3D",,,,20.9855644,105.7982929
Thường Tín,Sweet Kitty Film,"https://www.google.com/maps/place/Sweet+Kitty+Film/@20.8950934,105.8510248,17z/data=!3m1!4b1!4m6!3m5!1s0x3135b300697180e7:0x8b02dcaedfce3784!8m2!3d20.8950934!4d105.8510248!16s%2Fg%2F11x63qn1pn?entry=ttu&g_ep=EgoyMDI2MDIwMy4wIKXMDSoASAFQAw%3D%3D",,,,20.8950934,105.8510248
tỉnh khác,Filmong Photobooth,"https://www.google.com/maps/place/Filmong+Photobooth/@20.9514402,107.0986457,17z/data=!3m1!4b1!4m6!3m5!1s0x314a59388bb2f355:0xdb66bdc4a083ea88!8m2!3d20.9514402!4d107.0986457!16s%2Fg%2F11ydmpr067!17m2!4m1!1e3!18m1!1e1?entry=ttu&g_ep=EgoyMDI2MDIwNC4wIKXMDSoKLDEwMDc5MjA2OUgBUAM%3D",,,,20.9514402,107.0986457